scope,val_loss,val_samples,test_loss,test_samples
global,0.2770701084127457,14124,0.2863144569142978,12607
gear_place,0.3174033708790233,5018,0.47549369722936147,2563
pick_pipe_place_plate_twice,0.22534729778282828,1925,0.20530118179444823,2316
pick_shelf_insert_machine_press_switch_place_plate,0.22037306120354402,4854,0.2030008284418373,5549
place_button,0.3511489939135085,2327,0.3620683241211572,2179
